file	kind	fields
target/bench-knn-precision-resident/20260907T190235Z/hot_scale1_dim128_brute_force_beforehnsw_f16_pair1.log	kernel_isa	knn_profile_bench: kernel_isa dot=Avx2Fma f16=F16c i8=Avx2Widen
target/bench-knn-precision-resident/20260907T190235Z/hot_scale1_dim128_brute_force_beforehnsw_f16_pair1.log	index_warm_ms	knn_profile_bench: index_warm_ms=19.447
target/bench-knn-precision-resident/20260907T190235Z/hot_scale1_dim128_brute_force_beforehnsw_f16_pair1.log	stage	stage(S0_hot_sql_e2e): rows=25000 median=0.685ms ns_per_row=27.4
target/bench-knn-precision-resident/20260907T190235Z/hot_scale1_dim128_brute_force_beforehnsw_f16_pair1.log	raw	raw(S0_hot_sql_e2e): samples_ms=[0.7141040000000001, 0.683112, 0.685991, 0.708597, 0.799753, 0.6551750000000001, 0.6949369999999999, 0.6860689999999999, 0.68355, 0.6856679999999999, 0.6687190000000001, 0.652035, 0.673137, 0.672705, 0.6550189999999999, 0.691189, 0.987101, 0.695813, 0.667593, 0.665157]
target/bench-knn-precision-resident/20260907T190235Z/hot_scale1_dim128_brute_force_beforehnsw_f16_pair1.log	stage	stage(S0prime_count_star): rows=25000 median=0.054ms ns_per_row=2.2
target/bench-knn-precision-resident/20260907T190235Z/hot_scale1_dim128_brute_force_beforehnsw_f16_pair1.log	raw	raw(S0prime_count_star): samples_ms=[0.053918, 0.053851, 0.053819, 0.053811, 0.057354, 0.055091, 0.053812, 0.063382, 0.055459, 0.053796, 0.053934, 0.053767, 0.05382, 0.053829999999999996, 0.053799, 0.053745999999999995, 0.053815, 0.057196, 0.057485999999999995, 0.054004]
target/bench-knn-precision-resident/20260907T190235Z/hot_scale1_dim128_brute_force_beforehnsw_f16_pair2.log	kernel_isa	knn_profile_bench: kernel_isa dot=Avx2Fma f16=F16c i8=Avx2Widen
target/bench-knn-precision-resident/20260907T190235Z/hot_scale1_dim128_brute_force_beforehnsw_f16_pair2.log	index_warm_ms	knn_profile_bench: index_warm_ms=19.319
target/bench-knn-precision-resident/20260907T190235Z/hot_scale1_dim128_brute_force_beforehnsw_f16_pair2.log	stage	stage(S0_hot_sql_e2e): rows=25000 median=0.951ms ns_per_row=38.0
target/bench-knn-precision-resident/20260907T190235Z/hot_scale1_dim128_brute_force_beforehnsw_f16_pair2.log	raw	raw(S0_hot_sql_e2e): samples_ms=[1.137497, 0.862737, 0.756688, 0.8331989999999999, 0.741225, 1.17453, 1.127009, 1.0793700000000002, 1.1075709999999999, 1.0394510000000001, 1.1716529999999998, 1.106289, 0.8176140000000001, 0.800554, 0.73932, 0.827569, 0.74421, 0.762403, 1.178787, 1.078244]
target/bench-knn-precision-resident/20260907T190235Z/hot_scale1_dim128_brute_force_beforehnsw_f16_pair2.log	stage	stage(S0prime_count_star): rows=25000 median=0.054ms ns_per_row=2.2
target/bench-knn-precision-resident/20260907T190235Z/hot_scale1_dim128_brute_force_beforehnsw_f16_pair2.log	raw	raw(S0prime_count_star): samples_ms=[0.053849, 0.057662, 0.055014, 0.053826000000000006, 0.065222, 0.055381, 0.054008999999999995, 0.053813999999999994, 0.053708, 0.053698, 0.053728, 0.053682, 0.053736, 0.053692000000000004, 0.053739999999999996, 0.053770000000000005, 0.053787, 0.05373, 0.053754, 0.053744]
target/bench-knn-precision-resident/20260907T190235Z/hot_scale1_dim128_brute_force_beforehnsw_f16_pair3.log	kernel_isa	knn_profile_bench: kernel_isa dot=Avx2Fma f16=F16c i8=Avx2Widen
target/bench-knn-precision-resident/20260907T190235Z/hot_scale1_dim128_brute_force_beforehnsw_f16_pair3.log	index_warm_ms	knn_profile_bench: index_warm_ms=19.640
target/bench-knn-precision-resident/20260907T190235Z/hot_scale1_dim128_brute_force_beforehnsw_f16_pair3.log	stage	stage(S0_hot_sql_e2e): rows=25000 median=0.753ms ns_per_row=30.1
target/bench-knn-precision-resident/20260907T190235Z/hot_scale1_dim128_brute_force_beforehnsw_f16_pair3.log	raw	raw(S0_hot_sql_e2e): samples_ms=[0.9966499999999999, 1.04317, 0.952403, 0.7973910000000001, 0.741417, 0.753894, 0.712317, 0.752512, 0.7154550000000001, 0.729937, 0.721294, 0.788841, 0.771501, 0.745965, 0.711265, 0.787438, 1.057177, 1.018885, 0.741165, 0.685091]
target/bench-knn-precision-resident/20260907T190235Z/hot_scale1_dim128_brute_force_beforehnsw_f16_pair3.log	stage	stage(S0prime_count_star): rows=25000 median=0.054ms ns_per_row=2.2
target/bench-knn-precision-resident/20260907T190235Z/hot_scale1_dim128_brute_force_beforehnsw_f16_pair3.log	raw	raw(S0prime_count_star): samples_ms=[0.053902, 0.053801, 0.053784, 0.053721000000000005, 0.053726, 0.053699000000000004, 0.053783000000000004, 0.053716, 0.053742, 0.053722, 0.053761, 0.053735, 0.05369, 0.056480999999999996, 0.054944, 0.053770000000000005, 0.053791, 0.07925700000000001, 0.055506, 0.053859]
target/bench-knn-precision-resident/20260907T190235Z/hot_scale1_dim128_brute_force_beforehnsw_f16_pair4.log	kernel_isa	knn_profile_bench: kernel_isa dot=Avx2Fma f16=F16c i8=Avx2Widen
target/bench-knn-precision-resident/20260907T190235Z/hot_scale1_dim128_brute_force_beforehnsw_f16_pair4.log	index_warm_ms	knn_profile_bench: index_warm_ms=18.874
target/bench-knn-precision-resident/20260907T190235Z/hot_scale1_dim128_brute_force_beforehnsw_f16_pair4.log	stage	stage(S0_hot_sql_e2e): rows=25000 median=0.664ms ns_per_row=26.6
target/bench-knn-precision-resident/20260907T190235Z/hot_scale1_dim128_brute_force_beforehnsw_f16_pair4.log	raw	raw(S0_hot_sql_e2e): samples_ms=[0.6398210000000001, 0.632499, 0.664822, 0.634654, 0.642076, 0.657722, 0.686817, 0.67235, 0.6741969999999999, 0.6590590000000001, 0.662783, 0.689483, 0.64593, 0.662342, 0.665435, 0.6329779999999999, 0.807242, 0.7421220000000001, 0.797488, 0.714524]
target/bench-knn-precision-resident/20260907T190235Z/hot_scale1_dim128_brute_force_beforehnsw_f16_pair4.log	stage	stage(S0prime_count_star): rows=25000 median=0.055ms ns_per_row=2.2
target/bench-knn-precision-resident/20260907T190235Z/hot_scale1_dim128_brute_force_beforehnsw_f16_pair4.log	raw	raw(S0prime_count_star): samples_ms=[0.053796, 0.057816, 0.055381, 0.054919, 0.089915, 0.056587, 0.055032, 0.054911, 0.054801, 0.054854, 0.054796000000000004, 0.054693, 0.054762000000000005, 0.054781, 0.054765999999999995, 0.054724, 0.054025, 0.053783000000000004, 0.056566, 0.054955]
target/bench-knn-precision-resident/20260907T190235Z/hot_scale1_dim128_brute_force_beforehnsw_f16_pair5.log	kernel_isa	knn_profile_bench: kernel_isa dot=Avx2Fma f16=F16c i8=Avx2Widen
target/bench-knn-precision-resident/20260907T190235Z/hot_scale1_dim128_brute_force_beforehnsw_f16_pair5.log	index_warm_ms	knn_profile_bench: index_warm_ms=19.549
target/bench-knn-precision-resident/20260907T190235Z/hot_scale1_dim128_brute_force_beforehnsw_f16_pair5.log	stage	stage(S0_hot_sql_e2e): rows=25000 median=0.703ms ns_per_row=28.1
target/bench-knn-precision-resident/20260907T190235Z/hot_scale1_dim128_brute_force_beforehnsw_f16_pair5.log	raw	raw(S0_hot_sql_e2e): samples_ms=[0.668806, 0.6553009999999999, 0.76137, 0.664156, 0.7331259999999999, 0.659436, 0.7906070000000001, 0.726753, 0.6791969999999999, 0.702358, 0.692851, 0.6614680000000001, 0.716796, 0.687415, 0.756877, 0.748261, 0.7057460000000001, 0.7039369999999999, 0.758448, 0.697304]
target/bench-knn-precision-resident/20260907T190235Z/hot_scale1_dim128_brute_force_beforehnsw_f16_pair5.log	stage	stage(S0prime_count_star): rows=25000 median=0.054ms ns_per_row=2.2
target/bench-knn-precision-resident/20260907T190235Z/hot_scale1_dim128_brute_force_beforehnsw_f16_pair5.log	raw	raw(S0prime_count_star): samples_ms=[0.053777, 0.056005000000000006, 0.054883999999999995, 0.053745999999999995, 0.058306000000000004, 0.055366, 0.053935, 0.053827, 0.053727000000000004, 0.053737, 0.053891999999999995, 0.053746999999999996, 0.05368, 0.053778, 0.053682, 0.053666, 0.053779, 0.053726, 0.053696, 0.053726]
target/bench-knn-precision-resident/20260907T190235Z/hot_scale1_dim128_brute_force_beforehnsw_i8_pair1.log	kernel_isa	knn_profile_bench: kernel_isa dot=Avx2Fma f16=F16c i8=Avx2Widen
target/bench-knn-precision-resident/20260907T190235Z/hot_scale1_dim128_brute_force_beforehnsw_i8_pair1.log	index_warm_ms	knn_profile_bench: index_warm_ms=18.934
target/bench-knn-precision-resident/20260907T190235Z/hot_scale1_dim128_brute_force_beforehnsw_i8_pair1.log	stage	stage(S0_hot_sql_e2e): rows=25000 median=0.692ms ns_per_row=27.7
target/bench-knn-precision-resident/20260907T190235Z/hot_scale1_dim128_brute_force_beforehnsw_i8_pair1.log	raw	raw(S0_hot_sql_e2e): samples_ms=[0.716047, 0.70011, 0.655241, 0.694245, 0.719348, 0.6816409999999999, 0.686292, 0.684686, 0.678721, 0.693391, 0.730326, 0.7059380000000001, 0.696618, 0.675645, 0.729286, 0.6902269999999999, 0.6620079999999999, 0.675299, 0.694017, 0.6651009999999999]
target/bench-knn-precision-resident/20260907T190235Z/hot_scale1_dim128_brute_force_beforehnsw_i8_pair1.log	stage	stage(S0prime_count_star): rows=25000 median=0.054ms ns_per_row=2.2
target/bench-knn-precision-resident/20260907T190235Z/hot_scale1_dim128_brute_force_beforehnsw_i8_pair1.log	raw	raw(S0prime_count_star): samples_ms=[0.05394, 0.053829, 0.053881, 0.053841, 0.053878999999999996, 0.05382, 0.053903, 0.053762, 0.053777, 0.053772, 0.053824, 0.053863, 0.053769, 0.055999, 0.054932999999999996, 0.053754, 0.08846799999999999, 0.055483, 0.053839, 0.05379]
target/bench-knn-precision-resident/20260907T190235Z/hot_scale1_dim128_brute_force_beforehnsw_i8_pair2.log	kernel_isa	knn_profile_bench: kernel_isa dot=Avx2Fma f16=F16c i8=Avx2Widen
target/bench-knn-precision-resident/20260907T190235Z/hot_scale1_dim128_brute_force_beforehnsw_i8_pair2.log	index_warm_ms	knn_profile_bench: index_warm_ms=19.393
target/bench-knn-precision-resident/20260907T190235Z/hot_scale1_dim128_brute_force_beforehnsw_i8_pair2.log	stage	stage(S0_hot_sql_e2e): rows=25000 median=0.698ms ns_per_row=27.9
target/bench-knn-precision-resident/20260907T190235Z/hot_scale1_dim128_brute_force_beforehnsw_i8_pair2.log	raw	raw(S0_hot_sql_e2e): samples_ms=[1.06233, 1.045773, 0.9459339999999999, 0.693766, 0.716499, 0.732073, 0.826556, 0.7014900000000001, 0.668416, 0.662058, 0.672454, 0.65487, 0.692342, 0.6460549999999999, 0.656385, 0.714507, 0.749888, 0.682312, 0.693068, 0.725933]
target/bench-knn-precision-resident/20260907T190235Z/hot_scale1_dim128_brute_force_beforehnsw_i8_pair2.log	stage	stage(S0prime_count_star): rows=25000 median=0.054ms ns_per_row=2.2
target/bench-knn-precision-resident/20260907T190235Z/hot_scale1_dim128_brute_force_beforehnsw_i8_pair2.log	raw	raw(S0prime_count_star): samples_ms=[0.053849, 0.056014, 0.054977, 0.053885999999999996, 0.057970999999999995, 0.055465, 0.053978, 0.05385, 0.053757, 0.053848, 0.053816, 0.053812, 0.053720000000000004, 0.053711999999999996, 0.053686, 0.053714, 0.053752999999999995, 0.053784, 0.053893, 0.056153999999999996]
target/bench-knn-precision-resident/20260907T190235Z/hot_scale1_dim128_brute_force_beforehnsw_i8_pair3.log	kernel_isa	knn_profile_bench: kernel_isa dot=Avx2Fma f16=F16c i8=Avx2Widen
target/bench-knn-precision-resident/20260907T190235Z/hot_scale1_dim128_brute_force_beforehnsw_i8_pair3.log	index_warm_ms	knn_profile_bench: index_warm_ms=19.994
target/bench-knn-precision-resident/20260907T190235Z/hot_scale1_dim128_brute_force_beforehnsw_i8_pair3.log	stage	stage(S0_hot_sql_e2e): rows=25000 median=0.673ms ns_per_row=26.9
target/bench-knn-precision-resident/20260907T190235Z/hot_scale1_dim128_brute_force_beforehnsw_i8_pair3.log	raw	raw(S0_hot_sql_e2e): samples_ms=[0.639728, 0.676415, 0.6692239999999999, 0.686776, 0.728027, 0.7725759999999999, 0.72001, 0.7745879999999999, 0.6759999999999999, 0.6441720000000001, 0.6899700000000001, 0.653378, 0.667566, 0.6591429999999999, 0.6673929999999999, 0.6377470000000001, 0.669315, 0.660966, 0.675736, 0.705264]
target/bench-knn-precision-resident/20260907T190235Z/hot_scale1_dim128_brute_force_beforehnsw_i8_pair3.log	stage	stage(S0prime_count_star): rows=25000 median=0.054ms ns_per_row=2.2
target/bench-knn-precision-resident/20260907T190235Z/hot_scale1_dim128_brute_force_beforehnsw_i8_pair3.log	raw	raw(S0prime_count_star): samples_ms=[0.053787, 0.053812, 0.057890000000000004, 0.054949, 0.053772, 0.060715, 0.05565, 0.053791, 0.053832000000000005, 0.053718, 0.053759, 0.053825, 0.053701, 0.053772, 0.053708, 0.053813, 0.053796, 0.053745999999999995, 0.05371, 0.053727000000000004]
target/bench-knn-precision-resident/20260907T190235Z/hot_scale1_dim128_brute_force_beforehnsw_i8_pair4.log	kernel_isa	knn_profile_bench: kernel_isa dot=Avx2Fma f16=F16c i8=Avx2Widen
target/bench-knn-precision-resident/20260907T190235Z/hot_scale1_dim128_brute_force_beforehnsw_i8_pair4.log	index_warm_ms	knn_profile_bench: index_warm_ms=19.092
target/bench-knn-precision-resident/20260907T190235Z/hot_scale1_dim128_brute_force_beforehnsw_i8_pair4.log	stage	stage(S0_hot_sql_e2e): rows=25000 median=0.688ms ns_per_row=27.5
target/bench-knn-precision-resident/20260907T190235Z/hot_scale1_dim128_brute_force_beforehnsw_i8_pair4.log	raw	raw(S0_hot_sql_e2e): samples_ms=[0.671204, 0.6767420000000001, 0.6509830000000001, 0.704709, 0.708497, 0.656957, 0.700706, 0.7070550000000001, 0.693662, 0.696725, 0.710786, 0.709119, 0.7953549999999999, 0.756351, 0.676054, 0.6463559999999999, 0.682819, 0.663829, 0.654568, 0.6520239999999999]
target/bench-knn-precision-resident/20260907T190235Z/hot_scale1_dim128_brute_force_beforehnsw_i8_pair4.log	stage	stage(S0prime_count_star): rows=25000 median=0.054ms ns_per_row=2.1
target/bench-knn-precision-resident/20260907T190235Z/hot_scale1_dim128_brute_force_beforehnsw_i8_pair4.log	raw	raw(S0prime_count_star): samples_ms=[0.053877, 0.053803, 0.053805, 0.053748000000000004, 0.053702, 0.053739999999999996, 0.053752, 0.053698, 0.053804000000000005, 0.05366, 0.053656, 0.053749000000000005, 0.053681000000000006, 0.057539, 0.055038, 0.053767999999999996, 0.064222, 0.055382, 0.053749000000000005, 0.053745999999999995]
target/bench-knn-precision-resident/20260907T190235Z/hot_scale1_dim128_brute_force_beforehnsw_i8_pair5.log	kernel_isa	knn_profile_bench: kernel_isa dot=Avx2Fma f16=F16c i8=Avx2Widen
target/bench-knn-precision-resident/20260907T190235Z/hot_scale1_dim128_brute_force_beforehnsw_i8_pair5.log	index_warm_ms	knn_profile_bench: index_warm_ms=18.800
target/bench-knn-precision-resident/20260907T190235Z/hot_scale1_dim128_brute_force_beforehnsw_i8_pair5.log	stage	stage(S0_hot_sql_e2e): rows=25000 median=0.740ms ns_per_row=29.6
target/bench-knn-precision-resident/20260907T190235Z/hot_scale1_dim128_brute_force_beforehnsw_i8_pair5.log	raw	raw(S0_hot_sql_e2e): samples_ms=[0.748918, 0.723536, 0.7246509999999999, 0.714217, 0.749315, 0.772686, 0.7175499999999999, 0.699291, 0.8435940000000001, 0.736237, 0.730243, 0.71234, 0.743004, 0.808539, 0.722517, 0.7644289999999999, 0.769319, 0.747218, 0.722091, 0.758999]
target/bench-knn-precision-resident/20260907T190235Z/hot_scale1_dim128_brute_force_beforehnsw_i8_pair5.log	stage	stage(S0prime_count_star): rows=25000 median=0.054ms ns_per_row=2.2
target/bench-knn-precision-resident/20260907T190235Z/hot_scale1_dim128_brute_force_beforehnsw_i8_pair5.log	raw	raw(S0prime_count_star): samples_ms=[0.053875, 0.053774999999999996, 0.0562, 0.054988, 0.053936, 0.053822, 0.06712599999999999, 0.055685, 0.053871, 0.053856, 0.053833, 0.053807, 0.053792, 0.053807, 0.053784, 0.053728, 0.053791, 0.053752999999999995, 0.053765, 0.053754]
target/bench-knn-precision-resident/20260907T190235Z/hot_scale1_dim128_brute_force_beforehnsw_pair1.log	kernel_isa	knn_profile_bench: kernel_isa dot=Avx2Fma f16=F16c i8=Avx2Widen
target/bench-knn-precision-resident/20260907T190235Z/hot_scale1_dim128_brute_force_beforehnsw_pair1.log	index_warm_ms	knn_profile_bench: index_warm_ms=18.641
target/bench-knn-precision-resident/20260907T190235Z/hot_scale1_dim128_brute_force_beforehnsw_pair1.log	stage	stage(S0_hot_sql_e2e): rows=25000 median=0.661ms ns_per_row=26.4
target/bench-knn-precision-resident/20260907T190235Z/hot_scale1_dim128_brute_force_beforehnsw_pair1.log	raw	raw(S0_hot_sql_e2e): samples_ms=[0.792323, 0.664879, 0.656941, 0.646531, 0.650481, 0.647167, 0.6403570000000001, 0.655443, 0.621037, 0.6526620000000001, 0.626062, 0.6386970000000001, 0.67118, 0.7091810000000001, 0.769198, 0.731142, 0.786984, 0.673085, 0.688894, 0.707]
target/bench-knn-precision-resident/20260907T190235Z/hot_scale1_dim128_brute_force_beforehnsw_pair1.log	stage	stage(S0prime_count_star): rows=25000 median=0.054ms ns_per_row=2.2
target/bench-knn-precision-resident/20260907T190235Z/hot_scale1_dim128_brute_force_beforehnsw_pair1.log	raw	raw(S0prime_count_star): samples_ms=[0.053885999999999996, 0.053895, 0.053847, 0.053713, 0.053724, 0.053701, 0.05647, 0.058165, 0.053897999999999995, 0.060834, 0.055411, 0.053967, 0.053738, 0.053709, 0.053726, 0.053713, 0.053843, 0.053933, 0.053767, 0.053809]
target/bench-knn-precision-resident/20260907T190235Z/hot_scale1_dim128_brute_force_beforehnsw_pair2.log	kernel_isa	knn_profile_bench: kernel_isa dot=Avx2Fma f16=F16c i8=Avx2Widen
target/bench-knn-precision-resident/20260907T190235Z/hot_scale1_dim128_brute_force_beforehnsw_pair2.log	index_warm_ms	knn_profile_bench: index_warm_ms=20.618
target/bench-knn-precision-resident/20260907T190235Z/hot_scale1_dim128_brute_force_beforehnsw_pair2.log	stage	stage(S0_hot_sql_e2e): rows=25000 median=0.777ms ns_per_row=31.1
target/bench-knn-precision-resident/20260907T190235Z/hot_scale1_dim128_brute_force_beforehnsw_pair2.log	raw	raw(S0_hot_sql_e2e): samples_ms=[0.7755970000000001, 0.758092, 0.777976, 0.75722, 0.806554, 0.827948, 0.816559, 0.735345, 0.787697, 0.742362, 0.755837, 0.747485, 0.742468, 0.74173, 0.8039120000000001, 0.865135, 0.796928, 0.798706, 0.761676, 0.8068529999999999]
target/bench-knn-precision-resident/20260907T190235Z/hot_scale1_dim128_brute_force_beforehnsw_pair2.log	stage	stage(S0prime_count_star): rows=25000 median=0.054ms ns_per_row=2.2
target/bench-knn-precision-resident/20260907T190235Z/hot_scale1_dim128_brute_force_beforehnsw_pair2.log	raw	raw(S0prime_count_star): samples_ms=[0.053841, 0.053777, 0.05375, 0.054316, 0.057238000000000004, 0.055137, 0.053871, 0.053851, 0.09472299999999999, 0.054534000000000006, 0.053971000000000005, 0.054071, 0.054013, 0.053967, 0.054235, 0.05403, 0.053979, 0.053915000000000005, 0.053939, 0.053973]
target/bench-knn-precision-resident/20260907T190235Z/hot_scale1_dim128_brute_force_beforehnsw_pair3.log	kernel_isa	knn_profile_bench: kernel_isa dot=Avx2Fma f16=F16c i8=Avx2Widen
target/bench-knn-precision-resident/20260907T190235Z/hot_scale1_dim128_brute_force_beforehnsw_pair3.log	index_warm_ms	knn_profile_bench: index_warm_ms=19.854
target/bench-knn-precision-resident/20260907T190235Z/hot_scale1_dim128_brute_force_beforehnsw_pair3.log	stage	stage(S0_hot_sql_e2e): rows=25000 median=0.681ms ns_per_row=27.3
target/bench-knn-precision-resident/20260907T190235Z/hot_scale1_dim128_brute_force_beforehnsw_pair3.log	raw	raw(S0_hot_sql_e2e): samples_ms=[0.688224, 0.657987, 0.672045, 0.713368, 0.684864, 0.6547970000000001, 0.692624, 0.6779620000000001, 0.673542, 0.700849, 0.6527, 0.647283, 0.715192, 0.693523, 0.726527, 0.6867610000000001, 0.7119179999999999, 0.659037, 0.677635, 0.667304]
target/bench-knn-precision-resident/20260907T190235Z/hot_scale1_dim128_brute_force_beforehnsw_pair3.log	stage	stage(S0prime_count_star): rows=25000 median=0.054ms ns_per_row=2.2
target/bench-knn-precision-resident/20260907T190235Z/hot_scale1_dim128_brute_force_beforehnsw_pair3.log	raw	raw(S0prime_count_star): samples_ms=[0.053771, 0.053754, 0.053797, 0.053722, 0.053711, 0.0537, 0.053756, 0.053701, 0.053714, 0.057117999999999995, 0.055016, 0.053764, 0.060665000000000004, 0.055453, 0.053782, 0.05373, 0.053857, 0.053724999999999995, 0.053652, 0.053686]
target/bench-knn-precision-resident/20260907T190235Z/hot_scale1_dim128_brute_force_beforehnsw_pair4.log	kernel_isa	knn_profile_bench: kernel_isa dot=Avx2Fma f16=F16c i8=Avx2Widen
target/bench-knn-precision-resident/20260907T190235Z/hot_scale1_dim128_brute_force_beforehnsw_pair4.log	index_warm_ms	knn_profile_bench: index_warm_ms=18.461
target/bench-knn-precision-resident/20260907T190235Z/hot_scale1_dim128_brute_force_beforehnsw_pair4.log	stage	stage(S0_hot_sql_e2e): rows=25000 median=0.645ms ns_per_row=25.8
target/bench-knn-precision-resident/20260907T190235Z/hot_scale1_dim128_brute_force_beforehnsw_pair4.log	raw	raw(S0_hot_sql_e2e): samples_ms=[0.711951, 0.636935, 0.6199709999999999, 0.660489, 0.659906, 0.647577, 0.609993, 0.716647, 0.606205, 0.6343190000000001, 0.642847, 0.6772090000000001, 0.640168, 0.708278, 0.670739, 0.667037, 0.595884, 0.610023, 0.635436, 0.654491]
target/bench-knn-precision-resident/20260907T190235Z/hot_scale1_dim128_brute_force_beforehnsw_pair4.log	stage	stage(S0prime_count_star): rows=25000 median=0.054ms ns_per_row=2.2
target/bench-knn-precision-resident/20260907T190235Z/hot_scale1_dim128_brute_force_beforehnsw_pair4.log	raw	raw(S0prime_count_star): samples_ms=[0.053834, 0.053705, 0.053743, 0.053739, 0.053713, 0.053695, 0.056422, 0.054883999999999995, 0.053798000000000006, 0.058197, 0.055355, 0.053784, 0.053718, 0.053742, 0.053731, 0.053778, 0.053827, 0.053784, 0.053829, 0.053737]
target/bench-knn-precision-resident/20260907T190235Z/hot_scale1_dim128_brute_force_beforehnsw_pair5.log	kernel_isa	knn_profile_bench: kernel_isa dot=Avx2Fma f16=F16c i8=Avx2Widen
target/bench-knn-precision-resident/20260907T190235Z/hot_scale1_dim128_brute_force_beforehnsw_pair5.log	index_warm_ms	knn_profile_bench: index_warm_ms=19.258
target/bench-knn-precision-resident/20260907T190235Z/hot_scale1_dim128_brute_force_beforehnsw_pair5.log	stage	stage(S0_hot_sql_e2e): rows=25000 median=0.665ms ns_per_row=26.6
target/bench-knn-precision-resident/20260907T190235Z/hot_scale1_dim128_brute_force_beforehnsw_pair5.log	raw	raw(S0_hot_sql_e2e): samples_ms=[0.618057, 0.64279, 0.6404219999999999, 0.616644, 0.721184, 0.643733, 0.7277440000000001, 0.652048, 0.810821, 0.6579999999999999, 0.628042, 0.679411, 0.658884, 0.715905, 0.7601399999999999, 0.698452, 0.684204, 0.708677, 0.6650370000000001, 0.664462]
target/bench-knn-precision-resident/20260907T190235Z/hot_scale1_dim128_brute_force_beforehnsw_pair5.log	stage	stage(S0prime_count_star): rows=25000 median=0.054ms ns_per_row=2.2
target/bench-knn-precision-resident/20260907T190235Z/hot_scale1_dim128_brute_force_beforehnsw_pair5.log	raw	raw(S0prime_count_star): samples_ms=[0.053866000000000004, 0.056055, 0.054988, 0.053797, 0.070732, 0.055583, 0.0539, 0.053739, 0.053696999999999995, 0.053696999999999995, 0.053754, 0.053748000000000004, 0.053755000000000004, 0.053726, 0.053703, 0.053689, 0.053717, 0.053734, 0.053713, 0.057179999999999995]
target/bench-knn-precision-resident/20260907T190235Z/hot_scale1_dim128_hnsw_f16_pair1.log	kernel_isa	knn_profile_bench: kernel_isa dot=Avx2Fma f16=F16c i8=Avx2Widen
target/bench-knn-precision-resident/20260907T190235Z/hot_scale1_dim128_hnsw_f16_pair1.log	index_warm_ms	knn_profile_bench: index_warm_ms=424.208
target/bench-knn-precision-resident/20260907T190235Z/hot_scale1_dim128_hnsw_f16_pair1.log	hnsw_stats	knn_profile_bench: hnsw_stats builds=1 build_failures=0 hits=41 misses=1 fallbacks=0 entries=1 f16_residency_fallbacks=0 i8_residency_fallbacks=0
target/bench-knn-precision-resident/20260907T190235Z/hot_scale1_dim128_hnsw_f16_pair1.log	resident_precision	knn_profile_bench: resident_precision requested=f16 search_engine_kind=hnsw(m=16,ef_construction=100,ef_search=64,full_scan_ratio=1/10,resident=f16,sparse_visited_max=0,acorn_max_visible_ratio=none)
target/bench-knn-precision-resident/20260907T190235Z/hot_scale1_dim128_hnsw_f16_pair1.log	stage	stage(S0_hot_sql_e2e): rows=25000 median=0.445ms ns_per_row=17.8
target/bench-knn-precision-resident/20260907T190235Z/hot_scale1_dim128_hnsw_f16_pair1.log	raw	raw(S0_hot_sql_e2e): samples_ms=[0.45395199999999997, 0.43728799999999995, 0.45372799999999996, 0.44063, 0.448779, 0.44333300000000003, 0.44073, 0.450208, 0.437644, 0.452977, 0.436951, 0.452387, 0.437817, 0.448018, 0.44189700000000004, 0.44729399999999997, 0.45315500000000003, 0.438044, 0.455149, 0.440554]
target/bench-knn-precision-resident/20260907T190235Z/hot_scale1_dim128_hnsw_f16_pair1.log	stage	stage(S0prime_count_star): rows=25000 median=0.054ms ns_per_row=2.2
target/bench-knn-precision-resident/20260907T190235Z/hot_scale1_dim128_hnsw_f16_pair1.log	raw	raw(S0prime_count_star): samples_ms=[0.055362, 0.053728, 0.053813, 0.053713, 0.053955, 0.053767999999999996, 0.053743, 0.053711999999999996, 0.053755000000000004, 0.053715000000000006, 0.053762, 0.053707, 0.053727000000000004, 0.053773999999999995, 0.056276, 0.054888, 0.053843, 0.058058, 0.05534, 0.053853]
target/bench-knn-precision-resident/20260907T190235Z/hot_scale1_dim128_hnsw_f16_pair2.log	kernel_isa	knn_profile_bench: kernel_isa dot=Avx2Fma f16=F16c i8=Avx2Widen
target/bench-knn-precision-resident/20260907T190235Z/hot_scale1_dim128_hnsw_f16_pair2.log	index_warm_ms	knn_profile_bench: index_warm_ms=423.608
target/bench-knn-precision-resident/20260907T190235Z/hot_scale1_dim128_hnsw_f16_pair2.log	hnsw_stats	knn_profile_bench: hnsw_stats builds=1 build_failures=0 hits=41 misses=1 fallbacks=0 entries=1 f16_residency_fallbacks=0 i8_residency_fallbacks=0
target/bench-knn-precision-resident/20260907T190235Z/hot_scale1_dim128_hnsw_f16_pair2.log	resident_precision	knn_profile_bench: resident_precision requested=f16 search_engine_kind=hnsw(m=16,ef_construction=100,ef_search=64,full_scan_ratio=1/10,resident=f16,sparse_visited_max=0,acorn_max_visible_ratio=none)
target/bench-knn-precision-resident/20260907T190235Z/hot_scale1_dim128_hnsw_f16_pair2.log	stage	stage(S0_hot_sql_e2e): rows=25000 median=0.424ms ns_per_row=17.0
target/bench-knn-precision-resident/20260907T190235Z/hot_scale1_dim128_hnsw_f16_pair2.log	raw	raw(S0_hot_sql_e2e): samples_ms=[0.42117499999999997, 0.43167, 0.424777, 0.424002, 0.434278, 0.42063300000000003, 0.436931, 0.41871299999999995, 0.43189900000000003, 0.421543, 0.42082699999999995, 0.42984, 0.418804, 0.435299, 0.41999000000000003, 0.437474, 0.422099, 0.424744, 0.432993, 0.41845899999999997]
target/bench-knn-precision-resident/20260907T190235Z/hot_scale1_dim128_hnsw_f16_pair2.log	stage	stage(S0prime_count_star): rows=25000 median=0.054ms ns_per_row=2.2
target/bench-knn-precision-resident/20260907T190235Z/hot_scale1_dim128_hnsw_f16_pair2.log	raw	raw(S0prime_count_star): samples_ms=[0.053849, 0.057797999999999995, 0.055356, 0.053778, 0.053992, 0.053805, 0.053694, 0.053696999999999995, 0.053734, 0.053737, 0.0537, 0.05379, 0.053746999999999996, 0.053772, 0.053706, 0.053751, 0.056392, 0.054787999999999996, 0.053783000000000004, 0.058037]
target/bench-knn-precision-resident/20260907T190235Z/hot_scale1_dim128_hnsw_f16_pair3.log	kernel_isa	knn_profile_bench: kernel_isa dot=Avx2Fma f16=F16c i8=Avx2Widen
target/bench-knn-precision-resident/20260907T190235Z/hot_scale1_dim128_hnsw_f16_pair3.log	index_warm_ms	knn_profile_bench: index_warm_ms=434.489
target/bench-knn-precision-resident/20260907T190235Z/hot_scale1_dim128_hnsw_f16_pair3.log	hnsw_stats	knn_profile_bench: hnsw_stats builds=1 build_failures=0 hits=41 misses=1 fallbacks=0 entries=1 f16_residency_fallbacks=0 i8_residency_fallbacks=0
target/bench-knn-precision-resident/20260907T190235Z/hot_scale1_dim128_hnsw_f16_pair3.log	resident_precision	knn_profile_bench: resident_precision requested=f16 search_engine_kind=hnsw(m=16,ef_construction=100,ef_search=64,full_scan_ratio=1/10,resident=f16,sparse_visited_max=0,acorn_max_visible_ratio=none)
target/bench-knn-precision-resident/20260907T190235Z/hot_scale1_dim128_hnsw_f16_pair3.log	stage	stage(S0_hot_sql_e2e): rows=25000 median=0.426ms ns_per_row=17.0
target/bench-knn-precision-resident/20260907T190235Z/hot_scale1_dim128_hnsw_f16_pair3.log	raw	raw(S0_hot_sql_e2e): samples_ms=[0.41569, 0.427006, 0.42902, 0.41739499999999996, 0.433045, 0.416115, 0.434137, 0.42002100000000003, 0.42515000000000003, 0.428846, 0.415559, 0.43224700000000005, 0.415547, 0.436667, 0.42250000000000004, 0.428669, 0.430553, 0.41666000000000003, 0.43285300000000004, 0.416014]
target/bench-knn-precision-resident/20260907T190235Z/hot_scale1_dim128_hnsw_f16_pair3.log	stage	stage(S0prime_count_star): rows=25000 median=0.054ms ns_per_row=2.1
target/bench-knn-precision-resident/20260907T190235Z/hot_scale1_dim128_hnsw_f16_pair3.log	raw	raw(S0prime_count_star): samples_ms=[0.053762, 0.053688, 0.058249999999999996, 0.056505, 0.054096, 0.053718, 0.058901999999999996, 0.054428000000000004, 0.053801999999999996, 0.053713, 0.053709, 0.05371, 0.053751, 0.053797, 0.053698, 0.053786, 0.053673, 0.053674, 0.0537, 0.053684]
target/bench-knn-precision-resident/20260907T190235Z/hot_scale1_dim128_hnsw_f16_pair4.log	kernel_isa	knn_profile_bench: kernel_isa dot=Avx2Fma f16=F16c i8=Avx2Widen
target/bench-knn-precision-resident/20260907T190235Z/hot_scale1_dim128_hnsw_f16_pair4.log	index_warm_ms	knn_profile_bench: index_warm_ms=435.240
target/bench-knn-precision-resident/20260907T190235Z/hot_scale1_dim128_hnsw_f16_pair4.log	hnsw_stats	knn_profile_bench: hnsw_stats builds=1 build_failures=0 hits=41 misses=1 fallbacks=0 entries=1 f16_residency_fallbacks=0 i8_residency_fallbacks=0
target/bench-knn-precision-resident/20260907T190235Z/hot_scale1_dim128_hnsw_f16_pair4.log	resident_precision	knn_profile_bench: resident_precision requested=f16 search_engine_kind=hnsw(m=16,ef_construction=100,ef_search=64,full_scan_ratio=1/10,resident=f16,sparse_visited_max=0,acorn_max_visible_ratio=none)
target/bench-knn-precision-resident/20260907T190235Z/hot_scale1_dim128_hnsw_f16_pair4.log	stage	stage(S0_hot_sql_e2e): rows=25000 median=0.439ms ns_per_row=17.6
target/bench-knn-precision-resident/20260907T190235Z/hot_scale1_dim128_hnsw_f16_pair4.log	raw	raw(S0_hot_sql_e2e): samples_ms=[0.433415, 0.43709800000000004, 0.450719, 0.43971899999999997, 0.448955, 0.43534900000000004, 0.451322, 0.43634700000000004, 0.450524, 0.4374, 0.43863, 0.44766, 0.435948, 0.451813, 0.435581, 0.45117799999999997, 0.436058, 0.44737, 0.43976699999999996, 0.438882]
target/bench-knn-precision-resident/20260907T190235Z/hot_scale1_dim128_hnsw_f16_pair4.log	stage	stage(S0prime_count_star): rows=25000 median=0.054ms ns_per_row=2.2
target/bench-knn-precision-resident/20260907T190235Z/hot_scale1_dim128_hnsw_f16_pair4.log	raw	raw(S0prime_count_star): samples_ms=[0.053845, 0.053834, 0.053739999999999996, 0.053752, 0.053795, 0.053773, 0.053773, 0.053743, 0.056385000000000005, 0.054861999999999994, 0.053804000000000005, 0.058099, 0.055356, 0.053926, 0.053761, 0.053829999999999996, 0.053805, 0.053853, 0.053698, 0.053724]
target/bench-knn-precision-resident/20260907T190235Z/hot_scale1_dim128_hnsw_f16_pair5.log	kernel_isa	knn_profile_bench: kernel_isa dot=Avx2Fma f16=F16c i8=Avx2Widen
target/bench-knn-precision-resident/20260907T190235Z/hot_scale1_dim128_hnsw_f16_pair5.log	index_warm_ms	knn_profile_bench: index_warm_ms=427.036
target/bench-knn-precision-resident/20260907T190235Z/hot_scale1_dim128_hnsw_f16_pair5.log	hnsw_stats	knn_profile_bench: hnsw_stats builds=1 build_failures=0 hits=41 misses=1 fallbacks=0 entries=1 f16_residency_fallbacks=0 i8_residency_fallbacks=0
target/bench-knn-precision-resident/20260907T190235Z/hot_scale1_dim128_hnsw_f16_pair5.log	resident_precision	knn_profile_bench: resident_precision requested=f16 search_engine_kind=hnsw(m=16,ef_construction=100,ef_search=64,full_scan_ratio=1/10,resident=f16,sparse_visited_max=0,acorn_max_visible_ratio=none)
target/bench-knn-precision-resident/20260907T190235Z/hot_scale1_dim128_hnsw_f16_pair5.log	stage	stage(S0_hot_sql_e2e): rows=25000 median=0.422ms ns_per_row=16.9
target/bench-knn-precision-resident/20260907T190235Z/hot_scale1_dim128_hnsw_f16_pair5.log	raw	raw(S0_hot_sql_e2e): samples_ms=[0.431782, 0.41777600000000004, 0.419268, 0.430521, 0.416296, 0.430732, 0.418033, 0.43014399999999997, 0.41721800000000003, 0.42243499999999995, 0.428454, 0.41548, 0.433006, 0.416466, 0.433186, 0.421951, 0.421918, 0.43027400000000005, 0.416227, 0.43219]
target/bench-knn-precision-resident/20260907T190235Z/hot_scale1_dim128_hnsw_f16_pair5.log	stage	stage(S0prime_count_star): rows=25000 median=0.054ms ns_per_row=2.1
target/bench-knn-precision-resident/20260907T190235Z/hot_scale1_dim128_hnsw_f16_pair5.log	raw	raw(S0prime_count_star): samples_ms=[0.053748000000000004, 0.053721000000000005, 0.053748000000000004, 0.053762, 0.053848, 0.053739999999999996, 0.053739, 0.053736, 0.053711999999999996, 0.053674, 0.056542, 0.054882, 0.053707, 0.057809, 0.055411, 0.053729, 0.05376, 0.053690999999999996, 0.053748000000000004, 0.053672]
target/bench-knn-precision-resident/20260907T190235Z/hot_scale1_dim128_hnsw_i8_pair1.log	kernel_isa	knn_profile_bench: kernel_isa dot=Avx2Fma f16=F16c i8=Avx2Widen
target/bench-knn-precision-resident/20260907T190235Z/hot_scale1_dim128_hnsw_i8_pair1.log	index_warm_ms	knn_profile_bench: index_warm_ms=428.159
target/bench-knn-precision-resident/20260907T190235Z/hot_scale1_dim128_hnsw_i8_pair1.log	hnsw_stats	knn_profile_bench: hnsw_stats builds=1 build_failures=0 hits=41 misses=1 fallbacks=0 entries=1 f16_residency_fallbacks=0 i8_residency_fallbacks=0
target/bench-knn-precision-resident/20260907T190235Z/hot_scale1_dim128_hnsw_i8_pair1.log	resident_precision	knn_profile_bench: resident_precision requested=i8 search_engine_kind=hnsw(m=16,ef_construction=100,ef_search=64,full_scan_ratio=1/10,resident=i8,sparse_visited_max=0,acorn_max_visible_ratio=none)
target/bench-knn-precision-resident/20260907T190235Z/hot_scale1_dim128_hnsw_i8_pair1.log	stage	stage(S0_hot_sql_e2e): rows=25000 median=0.419ms ns_per_row=16.8
target/bench-knn-precision-resident/20260907T190235Z/hot_scale1_dim128_hnsw_i8_pair1.log	raw	raw(S0_hot_sql_e2e): samples_ms=[0.418856, 0.430856, 0.414948, 0.4271, 0.419196, 0.41455000000000003, 0.423089, 0.410005, 0.424775, 0.411684, 0.411342, 0.42254800000000003, 0.41395800000000005, 0.422619, 0.424436, 0.429014, 0.409821, 0.417607, 0.426274, 0.409182]
target/bench-knn-precision-resident/20260907T190235Z/hot_scale1_dim128_hnsw_i8_pair1.log	stage	stage(S0prime_count_star): rows=25000 median=0.054ms ns_per_row=2.2
target/bench-knn-precision-resident/20260907T190235Z/hot_scale1_dim128_hnsw_i8_pair1.log	raw	raw(S0prime_count_star): samples_ms=[0.053795, 0.053741, 0.053798000000000006, 0.055513999999999994, 0.054213, 0.053793, 0.053846, 0.053715000000000006, 0.053755000000000004, 0.0537, 0.053698, 0.053846, 0.056471, 0.059803, 0.056172, 0.054132, 0.058593, 0.055414000000000005, 0.053801, 0.053827]
target/bench-knn-precision-resident/20260907T190235Z/hot_scale1_dim128_hnsw_i8_pair2.log	kernel_isa	knn_profile_bench: kernel_isa dot=Avx2Fma f16=F16c i8=Avx2Widen
target/bench-knn-precision-resident/20260907T190235Z/hot_scale1_dim128_hnsw_i8_pair2.log	index_warm_ms	knn_profile_bench: index_warm_ms=424.371
target/bench-knn-precision-resident/20260907T190235Z/hot_scale1_dim128_hnsw_i8_pair2.log	hnsw_stats	knn_profile_bench: hnsw_stats builds=1 build_failures=0 hits=41 misses=1 fallbacks=0 entries=1 f16_residency_fallbacks=0 i8_residency_fallbacks=0
target/bench-knn-precision-resident/20260907T190235Z/hot_scale1_dim128_hnsw_i8_pair2.log	resident_precision	knn_profile_bench: resident_precision requested=i8 search_engine_kind=hnsw(m=16,ef_construction=100,ef_search=64,full_scan_ratio=1/10,resident=i8,sparse_visited_max=0,acorn_max_visible_ratio=none)
target/bench-knn-precision-resident/20260907T190235Z/hot_scale1_dim128_hnsw_i8_pair2.log	stage	stage(S0_hot_sql_e2e): rows=25000 median=0.431ms ns_per_row=17.2
target/bench-knn-precision-resident/20260907T190235Z/hot_scale1_dim128_hnsw_i8_pair2.log	raw	raw(S0_hot_sql_e2e): samples_ms=[0.435672, 0.429597, 0.442463, 0.427692, 0.44351599999999997, 0.426268, 0.442634, 0.428372, 0.429595, 0.44316700000000003, 0.42784300000000003, 0.445712, 0.427966, 0.44494100000000003, 0.427628, 0.430935, 0.441686, 0.43080100000000005, 0.441994, 0.429512]
target/bench-knn-precision-resident/20260907T190235Z/hot_scale1_dim128_hnsw_i8_pair2.log	stage	stage(S0prime_count_star): rows=25000 median=0.054ms ns_per_row=2.2
target/bench-knn-precision-resident/20260907T190235Z/hot_scale1_dim128_hnsw_i8_pair2.log	raw	raw(S0prime_count_star): samples_ms=[0.053878, 0.053763, 0.053823, 0.053863999999999995, 0.053708, 0.053741, 0.053765, 0.053702, 0.053745999999999995, 0.053711, 0.053716, 0.053694, 0.056272, 0.054999, 0.053796, 0.05797, 0.055390999999999996, 0.053838000000000004, 0.053831, 0.053797]
target/bench-knn-precision-resident/20260907T190235Z/hot_scale1_dim128_hnsw_i8_pair3.log	kernel_isa	knn_profile_bench: kernel_isa dot=Avx2Fma f16=F16c i8=Avx2Widen
target/bench-knn-precision-resident/20260907T190235Z/hot_scale1_dim128_hnsw_i8_pair3.log	index_warm_ms	knn_profile_bench: index_warm_ms=419.436
target/bench-knn-precision-resident/20260907T190235Z/hot_scale1_dim128_hnsw_i8_pair3.log	hnsw_stats	knn_profile_bench: hnsw_stats builds=1 build_failures=0 hits=41 misses=1 fallbacks=0 entries=1 f16_residency_fallbacks=0 i8_residency_fallbacks=0
target/bench-knn-precision-resident/20260907T190235Z/hot_scale1_dim128_hnsw_i8_pair3.log	resident_precision	knn_profile_bench: resident_precision requested=i8 search_engine_kind=hnsw(m=16,ef_construction=100,ef_search=64,full_scan_ratio=1/10,resident=i8,sparse_visited_max=0,acorn_max_visible_ratio=none)
target/bench-knn-precision-resident/20260907T190235Z/hot_scale1_dim128_hnsw_i8_pair3.log	stage	stage(S0_hot_sql_e2e): rows=25000 median=0.426ms ns_per_row=17.0
target/bench-knn-precision-resident/20260907T190235Z/hot_scale1_dim128_hnsw_i8_pair3.log	raw	raw(S0_hot_sql_e2e): samples_ms=[0.429745, 0.412522, 0.413742, 0.42797100000000005, 0.412986, 0.428356, 0.41123899999999997, 0.43785599999999997, 0.49521099999999996, 0.434793, 0.429741, 0.415668, 0.426838, 0.41231999999999996, 0.433052, 0.413536, 0.415664, 0.42448600000000003, 0.41079499999999997, 0.427684]
target/bench-knn-precision-resident/20260907T190235Z/hot_scale1_dim128_hnsw_i8_pair3.log	stage	stage(S0prime_count_star): rows=25000 median=0.054ms ns_per_row=2.2
target/bench-knn-precision-resident/20260907T190235Z/hot_scale1_dim128_hnsw_i8_pair3.log	raw	raw(S0prime_count_star): samples_ms=[0.053811, 0.053807999999999995, 0.053759, 0.053859, 0.053799, 0.053742, 0.053724, 0.053696999999999995, 0.053713, 0.056292, 0.054847, 0.053833, 0.057893, 0.055537, 0.053815, 0.053795, 0.053739999999999996, 0.053686, 0.053717, 0.053722]
target/bench-knn-precision-resident/20260907T190235Z/hot_scale1_dim128_hnsw_i8_pair4.log	kernel_isa	knn_profile_bench: kernel_isa dot=Avx2Fma f16=F16c i8=Avx2Widen
target/bench-knn-precision-resident/20260907T190235Z/hot_scale1_dim128_hnsw_i8_pair4.log	index_warm_ms	knn_profile_bench: index_warm_ms=419.974
target/bench-knn-precision-resident/20260907T190235Z/hot_scale1_dim128_hnsw_i8_pair4.log	hnsw_stats	knn_profile_bench: hnsw_stats builds=1 build_failures=0 hits=41 misses=1 fallbacks=0 entries=1 f16_residency_fallbacks=0 i8_residency_fallbacks=0
target/bench-knn-precision-resident/20260907T190235Z/hot_scale1_dim128_hnsw_i8_pair4.log	resident_precision	knn_profile_bench: resident_precision requested=i8 search_engine_kind=hnsw(m=16,ef_construction=100,ef_search=64,full_scan_ratio=1/10,resident=i8,sparse_visited_max=0,acorn_max_visible_ratio=none)
target/bench-knn-precision-resident/20260907T190235Z/hot_scale1_dim128_hnsw_i8_pair4.log	stage	stage(S0_hot_sql_e2e): rows=25000 median=0.424ms ns_per_row=16.9
target/bench-knn-precision-resident/20260907T190235Z/hot_scale1_dim128_hnsw_i8_pair4.log	raw	raw(S0_hot_sql_e2e): samples_ms=[0.43128, 0.41758799999999996, 0.433995, 0.41638800000000004, 0.428014, 0.425657, 0.41790099999999997, 0.430396, 0.417653, 0.433462, 0.417829, 0.41995, 0.430665, 0.42163900000000004, 0.43307300000000004, 0.416807, 0.432832, 0.415836, 0.419168, 0.430497]
target/bench-knn-precision-resident/20260907T190235Z/hot_scale1_dim128_hnsw_i8_pair4.log	stage	stage(S0prime_count_star): rows=25000 median=0.054ms ns_per_row=2.2
target/bench-knn-precision-resident/20260907T190235Z/hot_scale1_dim128_hnsw_i8_pair4.log	raw	raw(S0prime_count_star): samples_ms=[0.053863, 0.053883, 0.053857, 0.053922000000000005, 0.053828, 0.053816, 0.053812, 0.056443, 0.054908, 0.053874, 0.058419, 0.055477, 0.053862, 0.054029, 0.053857, 0.053803, 0.053785, 0.053829, 0.053865, 0.053878]
target/bench-knn-precision-resident/20260907T190235Z/hot_scale1_dim128_hnsw_i8_pair5.log	kernel_isa	knn_profile_bench: kernel_isa dot=Avx2Fma f16=F16c i8=Avx2Widen
target/bench-knn-precision-resident/20260907T190235Z/hot_scale1_dim128_hnsw_i8_pair5.log	index_warm_ms	knn_profile_bench: index_warm_ms=427.608
target/bench-knn-precision-resident/20260907T190235Z/hot_scale1_dim128_hnsw_i8_pair5.log	hnsw_stats	knn_profile_bench: hnsw_stats builds=1 build_failures=0 hits=41 misses=1 fallbacks=0 entries=1 f16_residency_fallbacks=0 i8_residency_fallbacks=0
target/bench-knn-precision-resident/20260907T190235Z/hot_scale1_dim128_hnsw_i8_pair5.log	resident_precision	knn_profile_bench: resident_precision requested=i8 search_engine_kind=hnsw(m=16,ef_construction=100,ef_search=64,full_scan_ratio=1/10,resident=i8,sparse_visited_max=0,acorn_max_visible_ratio=none)
target/bench-knn-precision-resident/20260907T190235Z/hot_scale1_dim128_hnsw_i8_pair5.log	stage	stage(S0_hot_sql_e2e): rows=25000 median=0.434ms ns_per_row=17.4
target/bench-knn-precision-resident/20260907T190235Z/hot_scale1_dim128_hnsw_i8_pair5.log	raw	raw(S0_hot_sql_e2e): samples_ms=[0.43483299999999997, 0.429959, 0.438119, 0.43288499999999996, 0.440803, 0.42583299999999996, 0.446502, 0.42757500000000004, 0.43790700000000005, 0.43486199999999997, 0.431844, 0.442702, 0.42628400000000005, 0.44227500000000003, 0.42293000000000003, 0.440509, 0.426089, 0.42645900000000003, 0.439794, 0.42464599999999997]
target/bench-knn-precision-resident/20260907T190235Z/hot_scale1_dim128_hnsw_i8_pair5.log	stage	stage(S0prime_count_star): rows=25000 median=0.054ms ns_per_row=2.2
target/bench-knn-precision-resident/20260907T190235Z/hot_scale1_dim128_hnsw_i8_pair5.log	raw	raw(S0prime_count_star): samples_ms=[0.053835, 0.053949000000000004, 0.053813999999999994, 0.053766, 0.053733, 0.053713, 0.05369, 0.053707, 0.053711, 0.053704, 0.053865, 0.05636, 0.054998, 0.053796, 0.058133, 0.055501999999999996, 0.053807999999999995, 0.053737, 0.053805, 0.053813999999999994]
target/bench-knn-precision-resident/20260907T190235Z/hot_scale1_dim128_hnsw_pair1.log	kernel_isa	knn_profile_bench: kernel_isa dot=Avx2Fma f16=F16c i8=Avx2Widen
target/bench-knn-precision-resident/20260907T190235Z/hot_scale1_dim128_hnsw_pair1.log	index_warm_ms	knn_profile_bench: index_warm_ms=394.519
target/bench-knn-precision-resident/20260907T190235Z/hot_scale1_dim128_hnsw_pair1.log	hnsw_stats	knn_profile_bench: hnsw_stats builds=1 build_failures=0 hits=41 misses=1 fallbacks=0 entries=1 f16_residency_fallbacks=0 i8_residency_fallbacks=0
target/bench-knn-precision-resident/20260907T190235Z/hot_scale1_dim128_hnsw_pair1.log	resident_precision	knn_profile_bench: resident_precision requested=f32 search_engine_kind=hnsw(m=16,ef_construction=100,ef_search=64,full_scan_ratio=1/10,resident=f32,sparse_visited_max=0,acorn_max_visible_ratio=none)
target/bench-knn-precision-resident/20260907T190235Z/hot_scale1_dim128_hnsw_pair1.log	stage	stage(S0_hot_sql_e2e): rows=25000 median=0.427ms ns_per_row=17.1
target/bench-knn-precision-resident/20260907T190235Z/hot_scale1_dim128_hnsw_pair1.log	raw	raw(S0_hot_sql_e2e): samples_ms=[0.42457999999999996, 0.43928100000000003, 0.424224, 0.448127, 0.423392, 0.42705, 0.434244, 0.422717, 0.43766999999999995, 0.42395900000000003, 0.439751, 0.422857, 0.43790700000000005, 0.435255, 0.425329, 0.433234, 0.42159599999999997, 0.433734, 0.423655, 0.42664599999999997]
target/bench-knn-precision-resident/20260907T190235Z/hot_scale1_dim128_hnsw_pair1.log	stage	stage(S0prime_count_star): rows=25000 median=0.054ms ns_per_row=2.2
target/bench-knn-precision-resident/20260907T190235Z/hot_scale1_dim128_hnsw_pair1.log	raw	raw(S0prime_count_star): samples_ms=[0.053872, 0.053863999999999995, 0.053791, 0.053785, 0.053912, 0.053734, 0.053797, 0.053695, 0.053722, 0.053654, 0.053711999999999996, 0.053718999999999996, 0.053724999999999995, 0.057083999999999996, 0.054949, 0.053871, 0.059758, 0.055941, 0.053789000000000003, 0.053779999999999994]
target/bench-knn-precision-resident/20260907T190235Z/hot_scale1_dim128_hnsw_pair2.log	kernel_isa	knn_profile_bench: kernel_isa dot=Avx2Fma f16=F16c i8=Avx2Widen
target/bench-knn-precision-resident/20260907T190235Z/hot_scale1_dim128_hnsw_pair2.log	index_warm_ms	knn_profile_bench: index_warm_ms=395.182
target/bench-knn-precision-resident/20260907T190235Z/hot_scale1_dim128_hnsw_pair2.log	hnsw_stats	knn_profile_bench: hnsw_stats builds=1 build_failures=0 hits=41 misses=1 fallbacks=0 entries=1 f16_residency_fallbacks=0 i8_residency_fallbacks=0
target/bench-knn-precision-resident/20260907T190235Z/hot_scale1_dim128_hnsw_pair2.log	resident_precision	knn_profile_bench: resident_precision requested=f32 search_engine_kind=hnsw(m=16,ef_construction=100,ef_search=64,full_scan_ratio=1/10,resident=f32,sparse_visited_max=0,acorn_max_visible_ratio=none)
target/bench-knn-precision-resident/20260907T190235Z/hot_scale1_dim128_hnsw_pair2.log	stage	stage(S0_hot_sql_e2e): rows=25000 median=0.456ms ns_per_row=18.2
target/bench-knn-precision-resident/20260907T190235Z/hot_scale1_dim128_hnsw_pair2.log	raw	raw(S0_hot_sql_e2e): samples_ms=[0.45326900000000003, 0.452476, 0.464165, 0.453216, 0.46142500000000003, 0.449826, 0.466666, 0.452201, 0.464917, 0.45206199999999996, 0.463437, 0.44990800000000003, 0.46233199999999997, 0.453192, 0.45835, 0.45883799999999997, 0.45393799999999995, 0.46011599999999997, 0.44902400000000003, 0.462147]
target/bench-knn-precision-resident/20260907T190235Z/hot_scale1_dim128_hnsw_pair2.log	stage	stage(S0prime_count_star): rows=25000 median=0.054ms ns_per_row=2.2
target/bench-knn-precision-resident/20260907T190235Z/hot_scale1_dim128_hnsw_pair2.log	raw	raw(S0prime_count_star): samples_ms=[0.053769, 0.053742, 0.053835999999999995, 0.053702, 0.057768, 0.054837, 0.053759, 0.058101, 0.05541, 0.053777, 0.053779999999999994, 0.053749000000000005, 0.053726, 0.053878999999999996, 0.053736, 0.053727000000000004, 0.053749000000000005, 0.053751, 0.053770000000000005, 0.053729]
target/bench-knn-precision-resident/20260907T190235Z/hot_scale1_dim128_hnsw_pair3.log	kernel_isa	knn_profile_bench: kernel_isa dot=Avx2Fma f16=F16c i8=Avx2Widen
target/bench-knn-precision-resident/20260907T190235Z/hot_scale1_dim128_hnsw_pair3.log	index_warm_ms	knn_profile_bench: index_warm_ms=393.889
target/bench-knn-precision-resident/20260907T190235Z/hot_scale1_dim128_hnsw_pair3.log	hnsw_stats	knn_profile_bench: hnsw_stats builds=1 build_failures=0 hits=41 misses=1 fallbacks=0 entries=1 f16_residency_fallbacks=0 i8_residency_fallbacks=0
target/bench-knn-precision-resident/20260907T190235Z/hot_scale1_dim128_hnsw_pair3.log	resident_precision	knn_profile_bench: resident_precision requested=f32 search_engine_kind=hnsw(m=16,ef_construction=100,ef_search=64,full_scan_ratio=1/10,resident=f32,sparse_visited_max=0,acorn_max_visible_ratio=none)
target/bench-knn-precision-resident/20260907T190235Z/hot_scale1_dim128_hnsw_pair3.log	stage	stage(S0_hot_sql_e2e): rows=25000 median=0.431ms ns_per_row=17.2
target/bench-knn-precision-resident/20260907T190235Z/hot_scale1_dim128_hnsw_pair3.log	raw	raw(S0_hot_sql_e2e): samples_ms=[0.43256700000000003, 0.430953, 0.437608, 0.429047, 0.437927, 0.42807, 0.44394999999999996, 0.42518, 0.42998400000000003, 0.439589, 0.428524, 0.44246800000000003, 0.428659, 0.439751, 0.426642, 0.430041, 0.438861, 0.430386, 0.44005500000000003, 0.428591]
target/bench-knn-precision-resident/20260907T190235Z/hot_scale1_dim128_hnsw_pair3.log	stage	stage(S0prime_count_star): rows=25000 median=0.054ms ns_per_row=2.2
target/bench-knn-precision-resident/20260907T190235Z/hot_scale1_dim128_hnsw_pair3.log	raw	raw(S0prime_count_star): samples_ms=[0.056926, 0.054877999999999996, 0.053844, 0.058189000000000005, 0.055591999999999996, 0.053811, 0.053841, 0.053764, 0.053774999999999996, 0.053741, 0.053752, 0.05366, 0.053764, 0.05384, 0.053687000000000006, 0.053678, 0.053804000000000005, 0.053711, 0.056038000000000004, 0.054802000000000003]
target/bench-knn-precision-resident/20260907T190235Z/hot_scale1_dim128_hnsw_pair4.log	kernel_isa	knn_profile_bench: kernel_isa dot=Avx2Fma f16=F16c i8=Avx2Widen
target/bench-knn-precision-resident/20260907T190235Z/hot_scale1_dim128_hnsw_pair4.log	index_warm_ms	knn_profile_bench: index_warm_ms=395.293
target/bench-knn-precision-resident/20260907T190235Z/hot_scale1_dim128_hnsw_pair4.log	hnsw_stats	knn_profile_bench: hnsw_stats builds=1 build_failures=0 hits=41 misses=1 fallbacks=0 entries=1 f16_residency_fallbacks=0 i8_residency_fallbacks=0
target/bench-knn-precision-resident/20260907T190235Z/hot_scale1_dim128_hnsw_pair4.log	resident_precision	knn_profile_bench: resident_precision requested=f32 search_engine_kind=hnsw(m=16,ef_construction=100,ef_search=64,full_scan_ratio=1/10,resident=f32,sparse_visited_max=0,acorn_max_visible_ratio=none)
target/bench-knn-precision-resident/20260907T190235Z/hot_scale1_dim128_hnsw_pair4.log	stage	stage(S0_hot_sql_e2e): rows=25000 median=0.431ms ns_per_row=17.2
target/bench-knn-precision-resident/20260907T190235Z/hot_scale1_dim128_hnsw_pair4.log	raw	raw(S0_hot_sql_e2e): samples_ms=[0.444988, 0.427434, 0.430541, 0.439321, 0.431138, 0.439293, 0.42905200000000004, 0.43962999999999997, 0.426233, 0.436866, 0.43099099999999996, 0.42976800000000004, 0.439173, 0.427929, 0.439025, 0.427376, 0.437803, 0.428482, 0.42982, 0.43678100000000003]
target/bench-knn-precision-resident/20260907T190235Z/hot_scale1_dim128_hnsw_pair4.log	stage	stage(S0prime_count_star): rows=25000 median=0.054ms ns_per_row=2.2
target/bench-knn-precision-resident/20260907T190235Z/hot_scale1_dim128_hnsw_pair4.log	raw	raw(S0prime_count_star): samples_ms=[0.053796, 0.053724, 0.053659000000000005, 0.053668999999999994, 0.053766, 0.053720000000000004, 0.056276, 0.054898999999999996, 0.053829, 0.05833, 0.055348, 0.053863999999999995, 0.053813999999999994, 0.053861, 0.053767999999999996, 0.053743, 0.053688, 0.05368, 0.053715000000000006, 0.053711]
target/bench-knn-precision-resident/20260907T190235Z/hot_scale1_dim128_hnsw_pair5.log	kernel_isa	knn_profile_bench: kernel_isa dot=Avx2Fma f16=F16c i8=Avx2Widen
target/bench-knn-precision-resident/20260907T190235Z/hot_scale1_dim128_hnsw_pair5.log	index_warm_ms	knn_profile_bench: index_warm_ms=399.391
target/bench-knn-precision-resident/20260907T190235Z/hot_scale1_dim128_hnsw_pair5.log	hnsw_stats	knn_profile_bench: hnsw_stats builds=1 build_failures=0 hits=41 misses=1 fallbacks=0 entries=1 f16_residency_fallbacks=0 i8_residency_fallbacks=0
target/bench-knn-precision-resident/20260907T190235Z/hot_scale1_dim128_hnsw_pair5.log	resident_precision	knn_profile_bench: resident_precision requested=f32 search_engine_kind=hnsw(m=16,ef_construction=100,ef_search=64,full_scan_ratio=1/10,resident=f32,sparse_visited_max=0,acorn_max_visible_ratio=none)
target/bench-knn-precision-resident/20260907T190235Z/hot_scale1_dim128_hnsw_pair5.log	stage	stage(S0_hot_sql_e2e): rows=25000 median=0.434ms ns_per_row=17.3
target/bench-knn-precision-resident/20260907T190235Z/hot_scale1_dim128_hnsw_pair5.log	raw	raw(S0_hot_sql_e2e): samples_ms=[0.470947, 0.6037720000000001, 0.446281, 0.427657, 0.439011, 0.426799, 0.43973500000000004, 0.43109600000000003, 0.428838, 0.437457, 0.42579, 0.437942, 0.428441, 0.439901, 0.427177, 0.429578, 0.436266, 0.427711, 0.44005, 0.426178]
target/bench-knn-precision-resident/20260907T190235Z/hot_scale1_dim128_hnsw_pair5.log	stage	stage(S0prime_count_star): rows=25000 median=0.054ms ns_per_row=2.2
target/bench-knn-precision-resident/20260907T190235Z/hot_scale1_dim128_hnsw_pair5.log	raw	raw(S0prime_count_star): samples_ms=[0.053801, 0.056433, 0.054859, 0.053748000000000004, 0.053878, 0.058226999999999994, 0.055355, 0.053773, 0.053728, 0.055493, 0.054175999999999995, 0.053756, 0.053699000000000004, 0.053942, 0.055376, 0.055711000000000004, 0.055637000000000006, 0.054207, 0.055279999999999996, 0.054158]
target/bench-knn-precision-resident/20260907T190235Z/mem_scale1_dim128_hnsw_f16_rep1.log	kernel_isa	knn_profile_bench: kernel_isa dot=Avx2Fma f16=F16c i8=Avx2Widen
target/bench-knn-precision-resident/20260907T190235Z/mem_scale1_dim128_hnsw_f16_rep1.log	index_memory	knn_profile_bench: index_memory rows=25000 dim=128 requested=f16 effective=f16 approx_heap_bytes=10826056 vm_rss_kb_before=15752 vm_rss_kb_after=33596 vm_rss_delta_kb=17844 vm_hwm_kb=53436
target/bench-knn-precision-resident/20260907T190235Z/mem_scale1_dim128_hnsw_f16_rep2.log	kernel_isa	knn_profile_bench: kernel_isa dot=Avx2Fma f16=F16c i8=Avx2Widen
target/bench-knn-precision-resident/20260907T190235Z/mem_scale1_dim128_hnsw_f16_rep2.log	index_memory	knn_profile_bench: index_memory rows=25000 dim=128 requested=f16 effective=f16 approx_heap_bytes=10826056 vm_rss_kb_before=15680 vm_rss_kb_after=33560 vm_rss_delta_kb=17880 vm_hwm_kb=53676
target/bench-knn-precision-resident/20260907T190235Z/mem_scale1_dim128_hnsw_i8_rep1.log	kernel_isa	knn_profile_bench: kernel_isa dot=Avx2Fma f16=F16c i8=Avx2Widen
target/bench-knn-precision-resident/20260907T190235Z/mem_scale1_dim128_hnsw_i8_rep1.log	index_memory	knn_profile_bench: index_memory rows=25000 dim=128 requested=i8 effective=i8 approx_heap_bytes=7726568 vm_rss_kb_before=15716 vm_rss_kb_after=30424 vm_rss_delta_kb=14708 vm_hwm_kb=47312
target/bench-knn-precision-resident/20260907T190235Z/mem_scale1_dim128_hnsw_i8_rep2.log	kernel_isa	knn_profile_bench: kernel_isa dot=Avx2Fma f16=F16c i8=Avx2Widen
target/bench-knn-precision-resident/20260907T190235Z/mem_scale1_dim128_hnsw_i8_rep2.log	index_memory	knn_profile_bench: index_memory rows=25000 dim=128 requested=i8 effective=i8 approx_heap_bytes=7726568 vm_rss_kb_before=15744 vm_rss_kb_after=30428 vm_rss_delta_kb=14684 vm_hwm_kb=47364
target/bench-knn-precision-resident/20260907T190235Z/mem_scale1_dim128_hnsw_rep1.log	kernel_isa	knn_profile_bench: kernel_isa dot=Avx2Fma f16=F16c i8=Avx2Widen
target/bench-knn-precision-resident/20260907T190235Z/mem_scale1_dim128_hnsw_rep1.log	index_memory	knn_profile_bench: index_memory rows=25000 dim=128 requested=f32 effective=f32 approx_heap_bytes=17226056 vm_rss_kb_before=15672 vm_rss_kb_after=39584 vm_rss_delta_kb=23912 vm_hwm_kb=40524
target/bench-knn-precision-resident/20260907T190235Z/mem_scale1_dim128_hnsw_rep2.log	kernel_isa	knn_profile_bench: kernel_isa dot=Avx2Fma f16=F16c i8=Avx2Widen
target/bench-knn-precision-resident/20260907T190235Z/mem_scale1_dim128_hnsw_rep2.log	index_memory	knn_profile_bench: index_memory rows=25000 dim=128 requested=f32 effective=f32 approx_heap_bytes=17226056 vm_rss_kb_before=15660 vm_rss_kb_after=39876 vm_rss_delta_kb=24216 vm_hwm_kb=41280
