side	pair	kind	working_set	dim	rows	value_ms	ns_per_dot	ratio	status
before	1	current	cache_resident	100	163	0.191	5.85		ok
before	1	current	cache_resident	128	128	0.149	5.83		ok
before	1	current	cache_resident	384	42	0.155	18.49		ok
before	1	current	cache_resident	768	21	0.192	45.81		ok
before	1	current	cache_resident	1536	10	0.218	108.91		ok
before	1	current	arena_scale	100	25000	0.285	11.39		ok
before	1	current	arena_scale	128	25000	0.531	21.24		ok
before	1	current	arena_scale	384	25000	2.243	89.70		ok
before	1	current	arena_scale	768	25000	4.603	184.10		ok
before	1	current	arena_scale	1536	25000	10.214	408.57		ok
after	1	current	cache_resident	100	163	0.560	17.18		ok
after	1	current	cache_resident	128	128	0.553	21.59		ok
after	1	current	cache_resident	384	42	0.599	71.30		ok
after	1	current	cache_resident	768	21	0.290	68.97		ok
after	1	current	cache_resident	1536	10	0.270	135.08		ok
after	1	current	arena_scale	100	25000	0.614	24.56		ok
after	1	current	arena_scale	128	25000	0.871	34.83		ok
after	1	current	arena_scale	384	25000	1.940	77.60		ok
after	1	current	arena_scale	768	25000	4.408	176.33		ok
after	1	current	arena_scale	1536	25000	8.935	357.42		ok
after	1	block_single	cache_resident	128		0.136			ok
after	1	block4	cache_resident	128		0.127		0.935	ok
after	1	block_single	cache_resident	768		0.122			ok
after	1	block4	cache_resident	768		0.121		0.991	ok
after	1	block_single	arena_scale	128		0.741			ok
after	1	block4	arena_scale	128		0.746		1.007	ok
after	1	block_single	arena_scale	768		3.180			ok
after	1	block4	arena_scale	768		3.245		1.020	ok
after	1	block_ref	cache_resident	128		0.149		0.1667	ok
after	1	block_ref	cache_resident	768		0.122		0.1711	ok
after	1	block_ref	arena_scale	128		0.812		0.8783	ok
after	1	block_ref	arena_scale	768		3.339		0.4834	ok
before	2	current	cache_resident	100	163	0.181	5.54		ok
before	2	current	cache_resident	128	128	0.143	5.60		ok
before	2	current	cache_resident	384	42	0.155	18.51		ok
before	2	current	cache_resident	768	21	0.193	45.87		ok
before	2	current	cache_resident	1536	10	0.215	107.51		ok
before	2	current	arena_scale	100	25000	0.350	13.99		ok
before	2	current	arena_scale	128	25000	0.703	28.11		ok
before	2	current	arena_scale	384	25000	2.765	110.58		ok
before	2	current	arena_scale	768	25000	5.100	204.00		ok
before	2	current	arena_scale	1536	25000	8.229	329.15		ok
after	2	current	cache_resident	100	163	0.185	5.66		ok
after	2	current	cache_resident	128	128	0.147	5.73		ok
after	2	current	cache_resident	384	42	0.158	18.81		ok
after	2	current	cache_resident	768	21	0.126	30.01		ok
after	2	current	cache_resident	1536	10	0.117	58.34		ok
after	2	current	arena_scale	100	25000	0.399	15.94		ok
after	2	current	arena_scale	128	25000	0.633	25.32		ok
after	2	current	arena_scale	384	25000	3.432	137.28		ok
after	2	current	arena_scale	768	25000	3.228	129.10		ok
after	2	current	arena_scale	1536	25000	7.457	298.28		ok
after	2	block_single	cache_resident	128		0.135			ok
after	2	block4	cache_resident	128		0.127		0.938	ok
after	2	block_single	cache_resident	768		0.122			ok
after	2	block4	cache_resident	768		0.123		1.009	ok
after	2	block_single	arena_scale	128		0.627			ok
after	2	block4	arena_scale	128		0.592		0.944	ok
after	2	block_single	arena_scale	768		6.716			ok
after	2	block4	arena_scale	768		7.389		1.100	ok
after	2	block_ref	cache_resident	128		0.152		0.1398	ok
after	2	block_ref	cache_resident	768		0.122		0.0828	ok
after	2	block_ref	arena_scale	128		0.662		0.6857	ok
after	2	block_ref	arena_scale	768		3.541		0.2645	ok
before	3	current	cache_resident	100	163	0.189	5.78		ok
before	3	current	cache_resident	128	128	0.148	5.79		ok
before	3	current	cache_resident	384	42	0.158	18.85		ok
before	3	current	cache_resident	768	21	0.194	46.12		ok
before	3	current	cache_resident	1536	10	0.217	108.47		ok
before	3	current	arena_scale	100	25000	0.365	14.59		ok
before	3	current	arena_scale	128	25000	0.658	26.31		ok
before	3	current	arena_scale	384	25000	4.467	178.67		ok
before	3	current	arena_scale	768	25000	5.949	237.95		ok
before	3	current	arena_scale	1536	25000	7.744	309.77		ok
after	3	current	cache_resident	100	163	0.183	5.62		ok
after	3	current	cache_resident	128	128	0.146	5.70		ok
after	3	current	cache_resident	384	42	0.158	18.78		ok
after	3	current	cache_resident	768	21	0.126	29.90		ok
after	3	current	cache_resident	1536	10	0.117	58.54		ok
after	3	current	arena_scale	100	25000	0.380	15.22		ok
after	3	current	arena_scale	128	25000	0.675	26.99		ok
after	3	current	arena_scale	384	25000	2.478	99.10		ok
after	3	current	arena_scale	768	25000	5.395	215.82		ok
after	3	current	arena_scale	1536	25000	6.458	258.32		ok
after	3	block_single	cache_resident	128		0.138			ok
after	3	block4	cache_resident	128		0.129		0.934	ok
after	3	block_single	cache_resident	768		0.116			ok
after	3	block4	cache_resident	768		0.117		1.010	ok
after	3	block_single	arena_scale	128		0.456			ok
after	3	block4	arena_scale	128		0.429		0.942	ok
after	3	block_single	arena_scale	768		4.302			ok
after	3	block4	arena_scale	768		4.414		1.026	ok
after	3	block_ref	cache_resident	128		0.149		0.1696	ok
after	3	block_ref	cache_resident	768		0.117		0.1693	ok
after	3	block_ref	arena_scale	128		0.540		0.2372	ok
after	3	block_ref	arena_scale	768		4.861		0.5670	ok
before	4	current	cache_resident	100	163	0.178	5.46		ok
before	4	current	cache_resident	128	128	0.143	5.58		ok
before	4	current	cache_resident	384	42	0.155	18.48		ok
before	4	current	cache_resident	768	21	0.192	45.65		ok
before	4	current	cache_resident	1536	10	0.218	109.19		ok
before	4	current	arena_scale	100	25000	0.185	7.40		ok
before	4	current	arena_scale	128	25000	0.289	11.57		ok
before	4	current	arena_scale	384	25000	1.834	73.35		ok
before	4	current	arena_scale	768	25000	4.980	199.18		ok
before	4	current	arena_scale	1536	25000	9.647	385.88		ok
after	4	current	cache_resident	100	163	0.183	5.61		ok
after	4	current	cache_resident	128	128	0.147	5.72		ok
after	4	current	cache_resident	384	42	0.158	18.75		ok
after	4	current	cache_resident	768	21	0.124	29.50		ok
after	4	current	cache_resident	1536	10	0.114	56.87		ok
after	4	current	arena_scale	100	25000	0.533	21.31		ok
after	4	current	arena_scale	128	25000	0.823	32.92		ok
after	4	current	arena_scale	384	25000	1.775	71.00		ok
after	4	current	arena_scale	768	25000	3.583	143.30		ok
after	4	current	arena_scale	1536	25000	9.201	368.02		ok
after	4	block_single	cache_resident	128		0.144			ok
after	4	block4	cache_resident	128		0.134		0.931	ok
after	4	block_single	cache_resident	768		0.127			ok
after	4	block4	cache_resident	768		0.128		1.005	ok
after	4	block_single	arena_scale	128		0.614			ok
after	4	block4	arena_scale	128		0.616		1.004	ok
after	4	block_single	arena_scale	768		4.901			ok
after	4	block4	arena_scale	768		4.928		1.006	ok
after	4	block_ref	cache_resident	128		0.161		1.0228	ok
after	4	block_ref	cache_resident	768		0.124		1.8432	ok
after	4	block_ref	arena_scale	128		0.643		0.2966	ok
after	4	block_ref	arena_scale	768		3.522		0.6417	ok
before	5	current	cache_resident	100	163	0.573	17.59		ok
before	5	current	cache_resident	128	128	0.543	21.23		ok
before	5	current	cache_resident	384	42	0.602	71.65		ok
before	5	current	cache_resident	768	21	0.655	156.05		ok
before	5	current	cache_resident	1536	10	0.648	324.06		ok
before	5	current	arena_scale	100	25000	1.876	75.04		ok
before	5	current	arena_scale	128	25000	1.921	76.84		ok
before	5	current	arena_scale	384	25000	2.554	102.14		ok
before	5	current	arena_scale	768	25000	5.289	211.56		ok
before	5	current	arena_scale	1536	25000	6.963	278.51		ok
after	5	current	cache_resident	100	163	0.188	5.76		ok
after	5	current	cache_resident	128	128	0.150	5.85		ok
after	5	current	cache_resident	384	42	0.158	18.86		ok
after	5	current	cache_resident	768	21	0.129	30.64		ok
after	5	current	cache_resident	1536	10	0.120	60.13		ok
after	5	current	arena_scale	100	25000	0.321	12.84		ok
after	5	current	arena_scale	128	25000	0.560	22.42		ok
after	5	current	arena_scale	384	25000	2.264	90.56		ok
after	5	current	arena_scale	768	25000	5.307	212.26		ok
after	5	current	arena_scale	1536	25000	10.109	404.37		ok
after	5	block_single	cache_resident	128		0.136			ok
after	5	block4	cache_resident	128		0.127		0.932	ok
after	5	block_single	cache_resident	768		0.120			ok
after	5	block4	cache_resident	768		0.121		1.007	ok
after	5	block_single	arena_scale	128		0.266			ok
after	5	block4	arena_scale	128		0.257		0.964	ok
after	5	block_single	arena_scale	768		3.546			ok
after	5	block4	arena_scale	768		3.501		0.987	ok
after	5	block_ref	cache_resident	128		0.149		0.1790	ok
after	5	block_ref	cache_resident	768		0.120		0.0405	ok
after	5	block_ref	arena_scale	128		0.287		0.1863	ok
after	5	block_ref	arena_scale	768		4.238		0.3298	ok
